{"cameraMode":{"drawMode":0,"name":"Shaded","section":"Shading Mode"},"sceneLighting":true,"audioPlay":false,"sceneViewState":{"showFog":true,"showMaterialUpdate":false,"showSkybox":true,"showFlares":true,"showImageEffects":true,"showParticleSystems":true},"in2DMode":false,"pivot":{"x":-12.67992877960205,"y":-2.7183616161346437,"z":5.72309684753418},"rotation":{"x":-0.07362011820077896,"y":0.5554905533790588,"z":-0.049462608993053439,"w":-0.8267814517021179},"size":8.878515243530274,"orthographic":false}